Family,English Name,Scientific Name,IUCN Category
Bataguridae (River terrapins),Northern River terrapin,Batagur baska ,Critically Endangered
Bataguridae (River terrapins),Red-crowned roofed turtle,Batagur kachuga ,Critically Endangered
Cheloniidae (Sea turtles),Hawksbill sea turtle,Eretmochelys imbricata,Critically Endangered
Crocodylidae (Crocodiles),Gharial,Gavialis gangeticus ,Critically Endangered
Gekkonidae (Geckos),Anaikatti day gecko,Cnemaspis anaikattiensis,Critically Endangered
Scincidae (Skinks),Madras spotted skink,Barkudia insularis,Critically Endangered
Agamidae (Dragons),Orange- lipped forest lizard,Calotes aurantolabium,Data Deficient
Agamidae (Dragons),Hardwicke's bloodsucker,Calotes minor,Data Deficient
"Colubridae (Racers, vine snakes, flying snakes, cat snake, trinkets, bronzeback, wolf snake, kukri)",Beddome's cat snake,Boiga beddomei,Data Deficient
"Colubridae (Racers, vine snakes, flying snakes, cat snake, trinkets, bronzeback, wolf snake, kukri)",Travancore cat snake,Boiga dightoni,Data Deficient
"Colubridae (Racers, vine snakes, flying snakes, cat snake, trinkets, bronzeback, wolf snake, kukri)",Many-banded cat snake,Boiga multifasciata,Data Deficient
"Colubridae (Racers, vine snakes, flying snakes, cat snake, trinkets, bronzeback, wolf snake, kukri)",Nicobar cat snake,Boiga wallachi,Data Deficient
"Colubridae (Racers, vine snakes, flying snakes, cat snake, trinkets, bronzeback, wolf snake, kukri)",Slender bridal snake,Dryocalamus gracilis,Data Deficient
"Colubridae (Racers, vine snakes, flying snakes, cat snake, trinkets, bronzeback, wolf snake, kukri)",Red-striped kukri snake,Oligodon erythrorhachis,Data Deficient
"Colubridae (Racers, vine snakes, flying snakes, cat snake, trinkets, bronzeback, wolf snake, kukri)",Nikhil's kukri snake,Oligodon nikhili,Data Deficient
"Colubridae (Racers, vine snakes, flying snakes, cat snake, trinkets, bronzeback, wolf snake, kukri)",Travancore kukri snake,Oligodon travancoricus,Data Deficient
"Colubridae (Racers, vine snakes, flying snakes, cat snake, trinkets, bronzeback, wolf snake, kukri)",Pegu black-headed snake,Sibynophis bistrigatus,Data Deficient
"Elapidae (Cobras, kraits, coral and sea snakes)",Beddome's coral snake,Calliophis beddomei,Data Deficient
"Elapidae (Cobras, kraits, coral and sea snakes)",Black-banded sea snake,Hydrophis nigrocinctus,Data Deficient
"Elapidae (Cobras, kraits, coral and sea snakes)",Bengal sea snake,Hydrophis stricticollis,Data Deficient
"Elapidae (Cobras, kraits, coral and sea snakes)",Cantor's narrow-headed sea snake,Microcephalophis cantoris,Data Deficient
"Elapidae (Cobras, kraits, coral and sea snakes)",Central Asian cobtra,Naja oxiana,Data Deficient
Gekkonidae (Geckos),Beddome's day gecko,Cnemaspis beddomei ,Data Deficient
Gekkonidae (Geckos),Kolhapur day gecko,Cnemaspis kolhapurensis,Data Deficient
Gekkonidae (Geckos),Coastal day gecko,Cnemaspis littoralis ,Data Deficient
Gekkonidae (Geckos),Ponmudi day gecko,Cnemaspis nairi,Data Deficient
Gekkonidae (Geckos),Smith's bent-toed gecko,Hemidactylus malcomsmithi,Data Deficient
Gekkonidae (Geckos),Scaly gecko,Hemidactylus scabriceps,Data Deficient
Gerrhopilidae (Worm snake),Wall's worm snake,Gerrhopilus oligolepis,Data Deficient
Gerrhopilidae (Worm snake),Tindall's worm snake,Gerrhopilus tindalli,Data Deficient
Lygosomidae (Supple skinks),Goan supple skink,Lygosoma goaensis,Data Deficient
Lygosomidae (Supple skinks),Pruth's supple skink,Lygosoma pruthi,Data Deficient
Mabuyidae (Grass and tree skinks),Gans'grass skink,Eutropis gansi,Data Deficient
Mabuyidae (Grass and tree skinks),Blanford's grass skink,Eutropis innotata,Data Deficient
Natricidae (Keelback snakes),Siebold's keelback,Herpetoreas sieboldii,Data Deficient
Ristellidae (Cat skinks),Günther's cat skink,Ristella guentheri,Data Deficient
Ristellidae (Cat skinks),Rurk's cat skink,Ristella rurkii,Data Deficient
Ristellidae (Cat skinks),Travancore cat skink,Ristella travancorica,Data Deficient
Scincidae (Skinks),Barkuda limbless skink,Barkudia melanosticta,Data Deficient
Sphenomorphidae (Ground and litter skinks),Palni hills ground skink,Kaestlea palnica,Data Deficient
Uropeltidae (Shieldtails),Three-lined shieldtail,Platyplectrurus trilineatus,Data Deficient
Uropeltidae (Shieldtails),Golden shieldtail,Plectrurus aureus,Data Deficient
Uropeltidae (Shieldtails),Purple shieldtail,Plectrurus guentheri,Data Deficient
Uropeltidae (Shieldtails),Kanara shieldtail,Pseudoplectrurus canaricus,Data Deficient
Uropeltidae (Shieldtails),Ferguson's shieldtail,Rhinophis fergusonianus,Data Deficient
Uropeltidae (Shieldtails),Beddome's shieldtail,Uropeltis beddomii,Data Deficient
Uropeltidae (Shieldtails),Brougham's shieldtail,Uropeltis broughami,Data Deficient
Uropeltidae (Shieldtails),Dindigul shieldtail,Uropeltis dindigalensis,Data Deficient
Uropeltidae (Shieldtails),Ashambu shieldtail,Uropeltis liura,Data Deficient
Uropeltidae (Shieldtails),Barred shieldtail,Uropeltis myhendrae,Data Deficient
Uropeltidae (Shieldtails),Cochin shieldtail,Uropeltis nitida,Data Deficient
Viperidae (Vipers),Kaulback's pit viper,Protobothrops kaulbacki,Data Deficient
Viperidae (Vipers),Medo pit viper,Trimeresurus medoensis,Data Deficient
"Xenodermatidae (Iridescent, wood and narrow headed snakes)",Iridescent snake,Blythia reticulata,Data Deficient
"Xenodermatidae (Iridescent, wood and narrow headed snakes)",Günther's narrow- headed Snake,Xylophis stenorhynchus,Data Deficient
Agamidae (Dragons),Indian kangaroo lizard,Otocryptis beddomii,Endangered
Bataguridae (River terrapins),Three-striped roofed turtle,Batagur dhongoka ,Endangered
Bataguridae (River terrapins),Keeled box turtle,Cuora mouhotii ,Endangered
Bataguridae (River terrapins),Assam roofed turtle,Pangshura sylhetensis,Endangered
Bataguridae (River terrapins),Cochin forest cane turtle,Vijayachelys silvatica,Endangered
Cheloniidae (Sea turtles),Green sea turtle,Chelonia mydas ,Endangered
"Colubridae (Racers, vine snakes, flying snakes, cat snake, trinkets, bronzeback, wolf snake, kukri)",Bronze-headed vine snake,Ahaetulla perroteti,Endangered
Gekkonidae (Geckos),Goan day gecko,Cnemaspis goaensis,Endangered
Gekkonidae (Geckos),Sispara day gecko,Cnemaspis sisparensis ,Endangered
Mabuyidae (Grass and tree skinks),Blue-bellied tree skink,Dasia subcaerulea,Endangered
Mabuyidae (Grass and tree skinks),Mountain skink,Eutropis clivicola,Endangered
Scincidae (Skinks),Poona mole skink,Eurylepis poonaensis,Endangered
Testudinidae (Tortoises),Elongated tortoise,Indotestudo elongata ,Endangered
Testudinidae (Tortoises),Asian Giant tortoise,Manouria emys,Endangered
Trionychidae (Softshell turtle),Indian Narrow- headed softshell turtle,Chitra indica ,Endangered
Trionychidae (Softshell turtle),Asian giant softshell turtle,Pelochelys cantorii,Endangered
Uropeltidae (Shieldtails),Madurai shieldtail,Platyplectrurus madurensis,Endangered
Uropeltidae (Shieldtails),Travancore shieldtail,Rhinophis travancoricus,Endangered
Trionychidae (Softshell turtle),Black softshell turtle,Nilssonia nigricans ,Extinct in Wild
Acrochordidae (File snake and snail-eaters),File snake,Acrochordus granulatus,Least Concern
Agamidae (Dragons),Elliot's forest lizard,Calotes ellioti,Least Concern
Agamidae (Dragons),Large scaled forest lizard,Calotes grandisquamis,Least Concern
Agamidae (Dragons),Nilgiri forest lizard,Calotes nemoricola,Least Concern
Agamidae (Dragons),Roux's forest lizard,Calotes rouxii,Least Concern
Agamidae (Dragons),South Indian flying lizard,Draco dussumieri,Least Concern
Agamidae (Dragons),Spotted flying lizard,Draco maculatus,Least Concern
Agamidae (Dragons),Three-keeled mountain lizard,Japalura tricarinata,Least Concern
Agamidae (Dragons),Variegated mountain lizard,Japalura variegata,Least Concern
Agamidae (Dragons),Theobald's toad – headed agama,Phrynocephalus theobaldi,Least Concern
Agamidae (Dragons),Blanford's rock agama,Psammophilus blanfordanus,Least Concern
Agamidae (Dragons),South Indian rock agama,Psammophilus dorsalis,Least Concern
Agamidae (Dragons),Anaimalai spiny lizard,Salea anamallayana,Least Concern
Agamidae (Dragons),Horsfield's spiny lizard,Salea horsfieldii,Least Concern
Agamidae (Dragons),Pondichery Fan-throated lizard,Sitana ponticeriana,Least Concern
Chamaeleonidae (Chamaeleon),Indian Chamaeleon,Chamaeleo zeylanicus,Least Concern
"Colubridae (Racers, vine snakes, flying snakes, cat snake, trinkets, bronzeback, wolf snake, kukri)",River vine snake,Ahaetulla fronticincta,Least Concern
"Colubridae (Racers, vine snakes, flying snakes, cat snake, trinkets, bronzeback, wolf snake, kukri)",Short-nosed vine snake,Ahaetulla prasina,Least Concern
"Colubridae (Racers, vine snakes, flying snakes, cat snake, trinkets, bronzeback, wolf snake, kukri)",Brown vine snake,Ahaetulla pulverulenta,Least Concern
"Colubridae (Racers, vine snakes, flying snakes, cat snake, trinkets, bronzeback, wolf snake, kukri)",Forsten's cat snake,Boiga forsteni,Least Concern
"Colubridae (Racers, vine snakes, flying snakes, cat snake, trinkets, bronzeback, wolf snake, kukri)",Tawny cat snake,Boiga ochracea,Least Concern
"Colubridae (Racers, vine snakes, flying snakes, cat snake, trinkets, bronzeback, wolf snake, kukri)",Common cat snake,Boiga trigonata,Least Concern
"Colubridae (Racers, vine snakes, flying snakes, cat snake, trinkets, bronzeback, wolf snake, kukri)",Collared reed snake,Calamaria pavimentata,Least Concern
"Colubridae (Racers, vine snakes, flying snakes, cat snake, trinkets, bronzeback, wolf snake, kukri)",Paradise flying snake,Chrysopelea paradisi,Least Concern
"Colubridae (Racers, vine snakes, flying snakes, cat snake, trinkets, bronzeback, wolf snake, kukri)",Black-tailed trinket snake,Coelognathus flavolineatus,Least Concern
"Colubridae (Racers, vine snakes, flying snakes, cat snake, trinkets, bronzeback, wolf snake, kukri)",Copper-headed trinket snake,Coelognathus radiatus,Least Concern
"Colubridae (Racers, vine snakes, flying snakes, cat snake, trinkets, bronzeback, wolf snake, kukri)",Ashok's bronzeback,Dendrelaphis ashoki,Least Concern
"Colubridae (Racers, vine snakes, flying snakes, cat snake, trinkets, bronzeback, wolf snake, kukri)",Himalayan bronzeback,Dendrelaphis biloreatus,Least Concern
"Colubridae (Racers, vine snakes, flying snakes, cat snake, trinkets, bronzeback, wolf snake, kukri)",Green bronzeback,Dendrelaphis cyanochloris,Least Concern
"Colubridae (Racers, vine snakes, flying snakes, cat snake, trinkets, bronzeback, wolf snake, kukri)",Giri's bronzeback,Dendrelaphis girii,Least Concern
"Colubridae (Racers, vine snakes, flying snakes, cat snake, trinkets, bronzeback, wolf snake, kukri)",Large-eyed bronzeback,Dendrelaphis grandoculis,Least Concern
"Colubridae (Racers, vine snakes, flying snakes, cat snake, trinkets, bronzeback, wolf snake, kukri)",Mountain bronzeback,Dendrelaphis subocularis,Least Concern
"Colubridae (Racers, vine snakes, flying snakes, cat snake, trinkets, bronzeback, wolf snake, kukri)",Green trinket snake,Elaphe prasina,Least Concern
"Colubridae (Racers, vine snakes, flying snakes, cat snake, trinkets, bronzeback, wolf snake, kukri)",Mandarin trinket snake,Euprepiophis mandarinus,Least Concern
"Colubridae (Racers, vine snakes, flying snakes, cat snake, trinkets, bronzeback, wolf snake, kukri)",Red-tailed trinket snake,Gonyosoma oxycephalum,Least Concern
"Colubridae (Racers, vine snakes, flying snakes, cat snake, trinkets, bronzeback, wolf snake, kukri)",Günther's stripe-necked snake,Liopeltis frenatus,Least Concern
"Colubridae (Racers, vine snakes, flying snakes, cat snake, trinkets, bronzeback, wolf snake, kukri)",Yellow-spotted wolf snake,Lycodon flavomaculatus,Least Concern
"Colubridae (Racers, vine snakes, flying snakes, cat snake, trinkets, bronzeback, wolf snake, kukri)",Yellow-speckled wolf snake,Lycodon jara,Least Concern
"Colubridae (Racers, vine snakes, flying snakes, cat snake, trinkets, bronzeback, wolf snake, kukri)",Laotian wolf snake,Lycodon laoensis,Least Concern
"Colubridae (Racers, vine snakes, flying snakes, cat snake, trinkets, bronzeback, wolf snake, kukri)",Half-banded wolf snake,Lycodon subcinctus,Least Concern
"Colubridae (Racers, vine snakes, flying snakes, cat snake, trinkets, bronzeback, wolf snake, kukri)",Travancore wolf snake,Lycodon travancoricus,Least Concern
"Colubridae (Racers, vine snakes, flying snakes, cat snake, trinkets, bronzeback, wolf snake, kukri)",Zaw's wolf snake,Lycodon zawi,Least Concern
"Colubridae (Racers, vine snakes, flying snakes, cat snake, trinkets, bronzeback, wolf snake, kukri)",Western kukri snake,Oligodon affinis,Least Concern
"Colubridae (Racers, vine snakes, flying snakes, cat snake, trinkets, bronzeback, wolf snake, kukri)",Black-barred kukri snake,Oligodon cinereus,Least Concern
"Colubridae (Racers, vine snakes, flying snakes, cat snake, trinkets, bronzeback, wolf snake, kukri)",Cantor's kukri snake,Oligodon cyclurus,Least Concern
"Colubridae (Racers, vine snakes, flying snakes, cat snake, trinkets, bronzeback, wolf snake, kukri)",Coral kukri snake,Oligodon kheriensis,Least Concern
"Colubridae (Racers, vine snakes, flying snakes, cat snake, trinkets, bronzeback, wolf snake, kukri)",Russell's kukri snake,Oligodon taeniolatus,Least Concern
"Colubridae (Racers, vine snakes, flying snakes, cat snake, trinkets, bronzeback, wolf snake, kukri)",Mandalay kukri snake,Oligodon theobaldi,Least Concern
"Colubridae (Racers, vine snakes, flying snakes, cat snake, trinkets, bronzeback, wolf snake, kukri)",Black-spotted kukri snake,Oligodon venustus,Least Concern
"Colubridae (Racers, vine snakes, flying snakes, cat snake, trinkets, bronzeback, wolf snake, kukri)",Collared black-headed snake,Sibynophis collaris,Least Concern
Dasypeltidae (Egg eating snake),Indian egg-eating snake,Elachistodon westermanni,Least Concern
"Elapidae (Cobras, kraits, coral and sea snakes)",Banded krait,Bungarus fasciatus,Least Concern
"Elapidae (Cobras, kraits, coral and sea snakes)",Bibron's coral snake,Calliophis bibroni,Least Concern
"Elapidae (Cobras, kraits, coral and sea snakes)",Striped coral snake,Calliophis nigrescens,Least Concern
"Elapidae (Cobras, kraits, coral and sea snakes)",Malacca sea snake,Hydrophis caerulescens,Least Concern
"Elapidae (Cobras, kraits, coral and sea snakes)",Annulated sea snake,Hydrophis cyanocinctus,Least Concern
"Elapidae (Cobras, kraits, coral and sea snakes)",Banded sea snake,Hydrophis fasciatus,Least Concern
"Elapidae (Cobras, kraits, coral and sea snakes)",Persian Gulf sea snake,Hydrophis lapemoides,Least Concern
"Elapidae (Cobras, kraits, coral and sea snakes)",Estuarine sea snake,Hydrophis obscurus,Least Concern
"Elapidae (Cobras, kraits, coral and sea snakes)",Cochin-banded sea snake,Hydrophis ornatus,Least Concern
"Elapidae (Cobras, kraits, coral and sea snakes)",Black and yellow sea snake,Hydrophis platurus,Least Concern
"Elapidae (Cobras, kraits, coral and sea snakes)",Hook-nosed sea snake,Hydrophis schistosus,Least Concern
"Elapidae (Cobras, kraits, coral and sea snakes)",Yellow sea snake,Hydrophis spiralis,Least Concern
"Elapidae (Cobras, kraits, coral and sea snakes)",Yellow-lipped sea krait,Laticauda colubrina,Least Concern
"Elapidae (Cobras, kraits, coral and sea snakes)",Common sea krait,Laticauda laticaudata,Least Concern
"Elapidae (Cobras, kraits, coral and sea snakes)",Common small- headed sea snake,Microcephalophis gracilis,Least Concern
"Elapidae (Cobras, kraits, coral and sea snakes)",Monocled cobra,Naja kaouthia,Least Concern
"Elapidae (Cobras, kraits, coral and sea snakes)",Spectacled cobra,Naja naja,Least Concern
Eublepharidae (Leopard gecko),Brown leopard gecko,Eublepharis fuscus ,Least Concern
Eublepharidae (Leopard gecko),East Indian leopard gecko,Eublepharis hardwickii ,Least Concern
Eublepharidae (Leopard gecko),Common leopard gecko,Eublepharis macularius,Least Concern
Gekkonidae (Geckos),Indian golden gecko,Calodactylodes aureus ,Least Concern
Gekkonidae (Geckos),Slender day gecko,Cnemaspis gracilis ,Least Concern
Gekkonidae (Geckos),Montane day gecko,Cnemaspis monticola,Least Concern
Gekkonidae (Geckos),Mysore day gecko,Cnemaspis mysoriensis ,Least Concern
Gekkonidae (Geckos),Wynad day gecko,Cnemaspis wynadensis,Least Concern
Gekkonidae (Geckos),Alder's bent-toed gecko,Cyrtodactylus adleri,Least Concern
Gekkonidae (Geckos),Deccan ground gecko,Cyrtodactylus deccanensis ,Least Concern
Gekkonidae (Geckos),Clouded ground gecko,Cyrtodactylus nebulosus ,Least Concern
Gekkonidae (Geckos),Karakoram bent-toed gecko,Cyrtodactylus stoliczkai ,Least Concern
Gekkonidae (Geckos),Rough-tailed gecko,Cyrtopodion scabrum ,Least Concern
Gekkonidae (Geckos),Smith's giant gecko,Gekko smithii,Least Concern
Gekkonidae (Geckos),Aaron Bauer's rock gecko,Hemidactylus aaronbaueri,Least Concern
Gekkonidae (Geckos),Asian house gecko,Hemidactylus frenatus,Least Concern
Gekkonidae (Geckos),Giant south Indian gecko,Hemidactylus giganteus,Least Concern
Gekkonidae (Geckos),Slender gecko,Hemidactylus gracilis,Least Concern
Gekkonidae (Geckos),Granite rock gecko,Hemidactylus graniticolus,Least Concern
Gekkonidae (Geckos),Carrot-tail viper gecko,Hemidactylus imbricatus,Least Concern
Gekkonidae (Geckos),Spotted rock gecko,Hemidactylus maculatus,Least Concern
Gekkonidae (Geckos),Prashad's gecko,Hemidactylus prashadi,Least Concern
Gekkonidae (Geckos),Reticulated gecko,Hemidactylus reticulatus,Least Concern
Gekkonidae (Geckos),Treutler's gecko,Hemidactylus treutleri,Least Concern
Gekkonidae (Geckos),Western Ghats worm gecko,Hemiphyllodactylus aurantiacus,Least Concern
Gekkonidae (Geckos),Oriental worm gecko,Hemiphyllodactylus typus,Least Concern
Gekkonidae (Geckos),Andaman day gecko,Phelsuma andamanense,Least Concern
Gekkonidae (Geckos),Smooth-backed gliding gecko,Ptychozoon lionotum,Least Concern
"Homalopsidae (Water, mangrove snakes)",Yellow-banded mangrove snake,Cantoria violacea,Least Concern
"Homalopsidae (Water, mangrove snakes)",Dog-faced water snake,Cerberus rynchops,Least Concern
"Homalopsidae (Water, mangrove snakes)",Rainbow water snake,Enhydris enhydris,Least Concern
"Homalopsidae (Water, mangrove snakes)",Siebold's smooth water snake,Ferania sieboldii,Least Concern
"Homalopsidae (Water, mangrove snakes)",Crab-eating water snake,Fordonia leucobalia,Least Concern
"Homalopsidae (Water, mangrove snakes)",Glossy marsh snake,Gerarda prevostiana,Least Concern
Lacertidae (Lacertids),Indian fringe-fingered lizard,Acanthodactylus cantoris,Least Concern
Lacertidae (Lacertids),Beddome's snake-eyed lizard,Ophisops beddomei,Least Concern
Lacertidae (Lacertids),Small-scaled snake-eyed lizard,Ophisops microlepis,Least Concern
Lacertidae (Lacertids),Blinking snake- eyed lizard,Ophisops nictans,Least Concern
Lamprophiidae (Sand snakes and mock viper),Condanarus sand snake,Psammophis condanarus,Least Concern
Lamprophiidae (Sand snakes and mock viper),Stout sand snake,Psammophis longifrons,Least Concern
Lygosomidae (Supple skinks),Günther's supple skink,Lygosoma guentheri,Least Concern
Lygosomidae (Supple skinks),Lined supple skink,Lygosoma lineatum,Least Concern
Mabuyidae (Grass and tree skinks),Olive tree skink,Dasia olivacea,Least Concern
Mabuyidae (Grass and tree skinks),Allapalli grass skink,Eutropis allapallensis,Least Concern
Mabuyidae (Grass and tree skinks),Bibron's seashore skink,Eutropis bibronii,Least Concern
Mabuyidae (Grass and tree skinks),Common keeled skink,Eutropis carinata,Least Concern
Mabuyidae (Grass and tree skinks),Three-lined grass skink,Eutropis trivittata,Least Concern
Natricidae (Keelback snakes),Olive keelback water snake,Atretium schistosum,Least Concern
Natricidae (Keelback snakes),Beddome's keelback,Hebius beddomei,Least Concern
Natricidae (Keelback snakes),Hill keelback,Hebius monticola,Least Concern
Natricidae (Keelback snakes),Venning's keelback,Hebius venningi,Least Concern
Natricidae (Keelback snakes),False cobra,Pseudoxenodon macrops,Least Concern
Natricidae (Keelback snakes),Groove-necked keelback,Rhabdophis nuchalis,Least Concern
Natricidae (Keelback snakes),Red-necked keelback,Rhabdophis subminiatus,Least Concern
Natricidae (Keelback snakes),Olive forest snake,Rhabdops olivaceus,Least Concern
Natricidae (Keelback snakes),Chinese keelback,Sinonatrix percarinata,Least Concern
Natricidae (Keelback snakes),Günther's oriental slender snake,Trachischium guentheri,Least Concern
Natricidae (Keelback snakes),Yellow-spotted keelback,Xenochrophis flavipunctatus,Least Concern
Natricidae (Keelback snakes),Spotted keelback,Xenochrophis punctulatus,Least Concern
Natricidae (Keelback snakes),Triangle-spotted keelback,Xenochrophis trianguligerus,Least Concern
Ristellidae (Cat skinks),Beddome's cat skink,Ristella beddomii,Least Concern
Scincidae (Skinks),Eastern sand swimmer,Ophiomorus raithmai,Least Concern
Sphenomorphidae (Ground and litter skinks),Two-lined ground skink,Kaestlea bilineata,Least Concern
Sphenomorphidae (Ground and litter skinks),Travancore ground skink,Kaestlea travancorica,Least Concern
Sphenomorphidae (Ground and litter skinks),Dussumier's litter skink,Sphenomorphus dussumieri,Least Concern
Typhlopidae (Worm snake),Muller's worm snake,Argyrophis muelleri,Least Concern
Typhlopidae (Worm snake),Beaked worm snake,Grypotyphlops acutus,Least Concern
Uropeltidae (Shieldtails),Wall's shieldtail,Brachyophidium rhodogaster,Least Concern
Uropeltidae (Shieldtails),Pied-belly shieldtail,Melanophidium punctatum,Least Concern
Uropeltidae (Shieldtails),Wynad shieldtail,Melanophidium wynaudense,Least Concern
Uropeltidae (Shieldtails),Perrotet's shieldtail,Plectrurus perroteti,Least Concern
Uropeltidae (Shieldtails),Red-bellied shieldtail,Rhinophis sanguineus,Least Concern
Uropeltidae (Shieldtails),Western shieldtail,Teretrurus sanguineus,Least Concern
Uropeltidae (Shieldtails),Thirunelveli shieldtail,Uropeltis arcticeps,Least Concern
Uropeltidae (Shieldtails),Elliot's shieldtail,Uropeltis ellioti,Least Concern
Uropeltidae (Shieldtails),Large-scaled shieldtail,Uropeltis macrolepis,Least Concern
Uropeltidae (Shieldtails),Palni shieldtail,Uropeltis pulneyensis,Least Concern
Uropeltidae (Shieldtails),Woodmason's shieldtail,Uropeltis woodmasoni,Least Concern
Varanidae (Monitor lizards),Bengal monitor,Varanus bengalensis,Least Concern
Varanidae (Monitor lizards),Water monitor,Varanus salvator,Least Concern
Viperidae (Vipers),Russell's viper,Daboia russelii,Least Concern
Viperidae (Vipers),Mountain pit viper,Ovophis monticola,Least Concern
Viperidae (Vipers),Jerdon's pit viper,Protobothrops jerdonii,Least Concern
Viperidae (Vipers),Brown-spotted pit viper,Protobothrops mucrosquamatus,Least Concern
Viperidae (Vipers),White-lipped pit viper,Trimeresurus albolabris,Least Concern
Viperidae (Vipers),Spot-tailed pit viper,Trimeresurus erythrurus,Least Concern
Viperidae (Vipers),Bamboo pit viper,Trimeresurus gramineus,Least Concern
Viperidae (Vipers),Gumprecht's pit viper,Trimeresurus gumprechti,Least Concern
Viperidae (Vipers),Malabar pit viper,Trimeresurus malabaricus,Least Concern
Viperidae (Vipers),Pope's pit viper,Trimeresurus popeiorum,Least Concern
Viperidae (Vipers),Horseshoe pit viper,Trimeresurus strigatus,Least Concern
"Xenodermatidae (Iridescent, wood and narrow headed snakes)",Captain's wood snake,Xylophis captaini,Least Concern
"Xenodermatidae (Iridescent, wood and narrow headed snakes)",Striped narrow- headed Snake,Xylophis perroteti,Least Concern
Xenopeltidae (Sunbeam snake),Sunbeam snake,Xenopeltis unicolor,Least Concern
Bataguridae (River terrapins),Indian tent turtle,Pangshura tentoria,Least Concern
Crocodylidae (Crocodiles),Saltwater crocodile,Crocodylus porosus,Least Concern
Trionychidae (Softshell turtle),Indian flapshell turtle,Lissemys punctata ,Vulnerable
Varanidae (Monitor lizards),Yellow monitor,Varanus flavescens,Least Concern
Bataguridae (River terrapins),Asian leaf-turtle,Cyclemys dentata ,Near Threatened
Bataguridae (River terrapins),Indian black turtle,Melanochelys trijuga,Least Concern
Acrochordidae (File snake and snail-eaters),Darjeeling snail- eater,Pareas macularius,Not Evaluated
Acrochordidae (File snake and snail-eaters),Assam snail-eater,Pareas monticola,Not Evaluated
Agamidae (Dragons),Crested long-tailed lizard,Bronchocela cristatella,Not Evaluated
Agamidae (Dragons),Daniel's long-tailed lizard,Bronchocela danieli,Not Evaluated
Agamidae (Dragons),Red-throated long-tailed lizard,Bronchocela rubrigularis,Not Evaluated
Agamidae (Dragons),Laungawala toad- headed lizard,Bufoniceps laungwalaensis,Not Evaluated
Agamidae (Dragons),Common green forest lizard,Calotes calotes,Not Evaluated
Agamidae (Dragons),Emma Gray's forest lizard,Calotes emma,Not Evaluated
Agamidae (Dragons),Jerdon's Forest Lizard,Calotes jerdoni,Not Evaluated
Agamidae (Dragons),Khasi hills forest Lizard,Calotes maria,Not Evaluated
Agamidae (Dragons),Moustached forest lizard,Calotes mystaceus,Not Evaluated
Agamidae (Dragons),Indian garden lizard,Calotes versicolor,Not Evaluated
Agamidae (Dragons),Short-tailed Island lizard,Coryphophylax brevicaudus,Not Evaluated
Agamidae (Dragons),Bay Islands forest lizard,Coryphophylax subcristatus,Not Evaluated
Agamidae (Dragons),Blanford's forest lizard,Draco blanfordii,Not Evaluated
Agamidae (Dragons),Anderson's mountain lizard,Japalura andersoniana,Not Evaluated
Agamidae (Dragons),Smith's mountain lizard,Japalura kaulbacki,Not Evaluated
Agamidae (Dragons),Kumaon mountain lizard,Japalura kumaonensis,Not Evaluated
Agamidae (Dragons),Large mountain lizard,Japalura major,Not Evaluated
Agamidae (Dragons),Ota's mountain Lizard,Japalura otai,Not Evaluated
Agamidae (Dragons),Smooth-scaled mountain lizard,Japalura planidorsata,Not Evaluated
Agamidae (Dragons),Burmese mountain lizard,Japalura sagittifera,Not Evaluated
Agamidae (Dragons),Agror agama,Laudakia agrorensis,Not Evaluated
Agamidae (Dragons),Haridwar agama,Laudakia dayana,Not Evaluated
Agamidae (Dragons),Himalayan agama,Laudakia himalayana,Not Evaluated
Agamidae (Dragons),Black agama,Laudakia melanura,Not Evaluated
Agamidae (Dragons),Kashmir rock agama,Laudakia tuberculata,Not Evaluated
Agamidae (Dragons),Small forest lizard,Oriocalotes paulus,Not Evaluated
Agamidae (Dragons),Andaman forest lizard,Pseudocalotes andamanensis,Not Evaluated
Agamidae (Dragons),Abor hills agama,Pseudocalotes austenianus,Not Evaluated
Agamidae (Dragons),Green fan -throated lizard,Ptyctolaemus gularis,Not Evaluated
Agamidae (Dragons),Darwin's fan- throated lizard,Sarada darwini,Not Evaluated
Agamidae (Dragons),Deccan fan-throated lizard,Sarada deccanensis,Not Evaluated
Agamidae (Dragons),Superb fan-throated lizard,Sarada superba,Not Evaluated
Agamidae (Dragons),Flat-headed fan-throated lizard,Sitana laticeps,Not Evaluated
Agamidae (Dragons),Coastal plains fan- throated lizard,Sitana marudhamneydhal,Not Evaluated
Agamidae (Dragons),Spiny-headed fan-throated lizard,Sitana spinaecephalus,Not Evaluated
Agamidae (Dragons),Southern fan- throated lizard,Sitana visiri,Not Evaluated
Agamidae (Dragons),Brilliant ground agama,Trapelus agilis,Not Evaluated
Agamidae (Dragons),Afghan ground agama,Trapelus megalonyx,Not Evaluated
Anguidae (Glass lizard),Burma/ Asian glass lizard,Dopasia gracilis,Not Evaluated
Bataguridae (River terrapins),Gemel's leaf turtle,Cyclemys gemeli,Not Evaluated
Bataguridae (River terrapins),Brown roofed turtle,Pangshura smithii ,Not Evaluated
Bataguridae (River terrapins),Indian roofed turtle,Pangshura tectum ,Not Evaluated
"Colubridae (Racers, vine snakes, flying snakes, cat snake, trinkets, bronzeback, wolf snake, kukri)",Common vine snake,Ahaetulla nasuta,Not Evaluated
"Colubridae (Racers, vine snakes, flying snakes, cat snake, trinkets, bronzeback, wolf snake, kukri)",Banded racer,Argyrogena fasciolata,Not Evaluated
"Colubridae (Racers, vine snakes, flying snakes, cat snake, trinkets, bronzeback, wolf snake, kukri)",Darjeeling racer,Argyrogena vittacaudata,Not Evaluated
"Colubridae (Racers, vine snakes, flying snakes, cat snake, trinkets, bronzeback, wolf snake, kukri)",Andaman cat snake,Boiga andamanensis,Not Evaluated
"Colubridae (Racers, vine snakes, flying snakes, cat snake, trinkets, bronzeback, wolf snake, kukri)",Ceylon cat snake,Boiga ceylonensis,Not Evaluated
"Colubridae (Racers, vine snakes, flying snakes, cat snake, trinkets, bronzeback, wolf snake, kukri)",Green cat snake,Boiga cyanea,Not Evaluated
"Colubridae (Racers, vine snakes, flying snakes, cat snake, trinkets, bronzeback, wolf snake, kukri)",Yellow-green cat,Boiga flaviviridis,Not Evaluated
"Colubridae (Racers, vine snakes, flying snakes, cat snake, trinkets, bronzeback, wolf snake, kukri)",Eastern cat snake,Boiga gokool,Not Evaluated
"Colubridae (Racers, vine snakes, flying snakes, cat snake, trinkets, bronzeback, wolf snake, kukri)",Large-spotted cat snake,Boiga multomaculata,Not Evaluated
"Colubridae (Racers, vine snakes, flying snakes, cat snake, trinkets, bronzeback, wolf snake, kukri)",Collared cat snake,Boiga nuchalis,Not Evaluated
"Colubridae (Racers, vine snakes, flying snakes, cat snake, trinkets, bronzeback, wolf snake, kukri)",Eyed cat snake,Boiga ocellata,Not Evaluated
"Colubridae (Racers, vine snakes, flying snakes, cat snake, trinkets, bronzeback, wolf snake, kukri)",Assam cat snake,Boiga quincunciata,Not Evaluated
"Colubridae (Racers, vine snakes, flying snakes, cat snake, trinkets, bronzeback, wolf snake, kukri)",Ornate flying snake,Chrysopelea ornata,Not Evaluated
"Colubridae (Racers, vine snakes, flying snakes, cat snake, trinkets, bronzeback, wolf snake, kukri)",Ceylon flying snake,Chrysopelea taprobanica,Not Evaluated
"Colubridae (Racers, vine snakes, flying snakes, cat snake, trinkets, bronzeback, wolf snake, kukri)",Common trinket snake,Coelognathus helena,Not Evaluated
"Colubridae (Racers, vine snakes, flying snakes, cat snake, trinkets, bronzeback, wolf snake, kukri)",Green snake,Cyclophiops doriae,Not Evaluated
"Colubridae (Racers, vine snakes, flying snakes, cat snake, trinkets, bronzeback, wolf snake, kukri)",Andaman bronzeback,Dendrelaphis andamanensis,Not Evaluated
"Colubridae (Racers, vine snakes, flying snakes, cat snake, trinkets, bronzeback, wolf snake, kukri)",Western Ghats bronzeback,Dendrelaphis chairecaeos,Not Evaluated
"Colubridae (Racers, vine snakes, flying snakes, cat snake, trinkets, bronzeback, wolf snake, kukri)",Nicobar bronzeback,Dendrelaphis humayuni,Not Evaluated
"Colubridae (Racers, vine snakes, flying snakes, cat snake, trinkets, bronzeback, wolf snake, kukri)",Painted bronzeback,Dendrelaphis pictus,Not Evaluated
"Colubridae (Racers, vine snakes, flying snakes, cat snake, trinkets, bronzeback, wolf snake, kukri)",Common bronzeback,Dendrelaphis tristis,Not Evaluated
"Colubridae (Racers, vine snakes, flying snakes, cat snake, trinkets, bronzeback, wolf snake, kukri)",Bridal snake,Dryocalamus nympha,Not Evaluated
"Colubridae (Racers, vine snakes, flying snakes, cat snake, trinkets, bronzeback, wolf snake, kukri)",Khasi hills trinket snake,Elaphe frenata,Not Evaluated
"Colubridae (Racers, vine snakes, flying snakes, cat snake, trinkets, bronzeback, wolf snake, kukri)",Nicobar stripe-necked snake,Gongylosoma nicobariense,Not Evaluated
"Colubridae (Racers, vine snakes, flying snakes, cat snake, trinkets, bronzeback, wolf snake, kukri)",Theobald's stripe- necked snake,Gongylosoma scriptum,Not Evaluated
"Colubridae (Racers, vine snakes, flying snakes, cat snake, trinkets, bronzeback, wolf snake, kukri)",Lesser stripe- necked snake,Liopeltis calamaria,Not Evaluated
"Colubridae (Racers, vine snakes, flying snakes, cat snake, trinkets, bronzeback, wolf snake, kukri)",Himalayan stripe-necked snake,Liopeltis rappii,Not Evaluated
"Colubridae (Racers, vine snakes, flying snakes, cat snake, trinkets, bronzeback, wolf snake, kukri)",Stoliczka's stripe-necked snake,Liopeltis stoliczkae,Not Evaluated
"Colubridae (Racers, vine snakes, flying snakes, cat snake, trinkets, bronzeback, wolf snake, kukri)",Common wolf snake,Lycodon aulicus,Not Evaluated
"Colubridae (Racers, vine snakes, flying snakes, cat snake, trinkets, bronzeback, wolf snake, kukri)",Banded wolf snake,Lycodon fasciatus,Not Evaluated
"Colubridae (Racers, vine snakes, flying snakes, cat snake, trinkets, bronzeback, wolf snake, kukri)",Yellow-collared wolf snake,Lycodon flavicollis,Not Evaluated
"Colubridae (Racers, vine snakes, flying snakes, cat snake, trinkets, bronzeback, wolf snake, kukri)",Sikkim false wolf snake,Lycodon gammiei,Not Evaluated
"Colubridae (Racers, vine snakes, flying snakes, cat snake, trinkets, bronzeback, wolf snake, kukri)",Andaman wolf snake,Lycodon hypsirhinoides,Not Evaluated
"Colubridae (Racers, vine snakes, flying snakes, cat snake, trinkets, bronzeback, wolf snake, kukri)",Mackinnon's wolf snake,Lycodon mackinnoni,Not Evaluated
"Colubridae (Racers, vine snakes, flying snakes, cat snake, trinkets, bronzeback, wolf snake, kukri)",Günther's false wolf snake,Lycodon septentrionalis,Not Evaluated
"Colubridae (Racers, vine snakes, flying snakes, cat snake, trinkets, bronzeback, wolf snake, kukri)",Barred wolf snake,Lycodon striatus,Not Evaluated
"Colubridae (Racers, vine snakes, flying snakes, cat snake, trinkets, bronzeback, wolf snake, kukri)",Tiwari's wolf snake,Lycodon tiwarii,Not Evaluated
"Colubridae (Racers, vine snakes, flying snakes, cat snake, trinkets, bronzeback, wolf snake, kukri)",Sind Awl-headed snake,Lytorhynchus paradoxus,Not Evaluated
"Colubridae (Racers, vine snakes, flying snakes, cat snake, trinkets, bronzeback, wolf snake, kukri)",White-barred kukri snake,Oligodon albocinctus,Not Evaluated
"Colubridae (Racers, vine snakes, flying snakes, cat snake, trinkets, bronzeback, wolf snake, kukri)",Common kukri snake,Oligodon arnensis,Not Evaluated
"Colubridae (Racers, vine snakes, flying snakes, cat snake, trinkets, bronzeback, wolf snake, kukri)",North-eastern kukri snake,Oligodon catenatus,Not Evaluated
"Colubridae (Racers, vine snakes, flying snakes, cat snake, trinkets, bronzeback, wolf snake, kukri)",Spot-tailed kukri snake,Oligodon dorsalis,Not Evaluated
"Colubridae (Racers, vine snakes, flying snakes, cat snake, trinkets, bronzeback, wolf snake, kukri)",Red-bellied kukri snake,Oligodon erythrogaster,Not Evaluated
"Colubridae (Racers, vine snakes, flying snakes, cat snake, trinkets, bronzeback, wolf snake, kukri)",Black kukri snake,Oligodon melaneus,Not Evaluated
"Colubridae (Racers, vine snakes, flying snakes, cat snake, trinkets, bronzeback, wolf snake, kukri)",Wall's kukri snake,Oligodon melanozonatus,Not Evaluated
"Colubridae (Racers, vine snakes, flying snakes, cat snake, trinkets, bronzeback, wolf snake, kukri)",Yellow-striped kukri snake,Oligodon woodmasoni,Not Evaluated
"Colubridae (Racers, vine snakes, flying snakes, cat snake, trinkets, bronzeback, wolf snake, kukri)",Banded trinket snake,Oreocryptophis porphyraceus,Not Evaluated
"Colubridae (Racers, vine snakes, flying snakes, cat snake, trinkets, bronzeback, wolf snake, kukri)",Eastern trinket snake,Orthriophis cantoris,Not Evaluated
"Colubridae (Racers, vine snakes, flying snakes, cat snake, trinkets, bronzeback, wolf snake, kukri)",Himalayan trinket snake,Orthriophis hodgsonii,Not Evaluated
"Colubridae (Racers, vine snakes, flying snakes, cat snake, trinkets, bronzeback, wolf snake, kukri)",Striped trinket snake,Orthriophis taeniurus,Not Evaluated
"Colubridae (Racers, vine snakes, flying snakes, cat snake, trinkets, bronzeback, wolf snake, kukri)",Nagarjunasagar racer,Platyceps bholanathi,Not Evaluated
"Colubridae (Racers, vine snakes, flying snakes, cat snake, trinkets, bronzeback, wolf snake, kukri)",Slender racer,Platyceps gracilis,Not Evaluated
"Colubridae (Racers, vine snakes, flying snakes, cat snake, trinkets, bronzeback, wolf snake, kukri)",Jan's cliff racer,Platyceps rhodorachis,Not Evaluated
"Colubridae (Racers, vine snakes, flying snakes, cat snake, trinkets, bronzeback, wolf snake, kukri)",Glossy-bellied racer,Platyceps ventromaculatus,Not Evaluated
"Colubridae (Racers, vine snakes, flying snakes, cat snake, trinkets, bronzeback, wolf snake, kukri)",Indo-Chinese Rat snake,Ptyas korros,Not Evaluated
"Colubridae (Racers, vine snakes, flying snakes, cat snake, trinkets, bronzeback, wolf snake, kukri)",Indian Rat snake,Ptyas mucosa,Not Evaluated
"Colubridae (Racers, vine snakes, flying snakes, cat snake, trinkets, bronzeback, wolf snake, kukri)",Green Rat snake,Ptyas nigromarginata,Not Evaluated
"Colubridae (Racers, vine snakes, flying snakes, cat snake, trinkets, bronzeback, wolf snake, kukri)",Cantor's black-headed snake,Sibynophis sagittarius,Not Evaluated
"Colubridae (Racers, vine snakes, flying snakes, cat snake, trinkets, bronzeback, wolf snake, kukri)",Dumeril's black-headed snake,Sibynophis subpunctatus,Not Evaluated
"Colubridae (Racers, vine snakes, flying snakes, cat snake, trinkets, bronzeback, wolf snake, kukri)",Red-spotted royal snake,Spalerosophis arenarius,Not Evaluated
"Colubridae (Racers, vine snakes, flying snakes, cat snake, trinkets, bronzeback, wolf snake, kukri)",Black-headed royal snake,Spalerosophis atriceps,Not Evaluated
"Colubridae (Racers, vine snakes, flying snakes, cat snake, trinkets, bronzeback, wolf snake, kukri)",Blotched royal snake,Spalerosophis diadema,Not Evaluated
"Colubridae (Racers, vine snakes, flying snakes, cat snake, trinkets, bronzeback, wolf snake, kukri)",Gujarat striped racer,Wallaceophis gujaratensis,Not Evaluated
"Colubridae (Racers, vine snakes, flying snakes, cat snake, trinkets, bronzeback, wolf snake, kukri)",Indian smooth snake,Wallophis brachyurus,Not Evaluated
Dibamidae (Nicobar worm lizard),Nicobarese worm lizard,Dibamus nicobaricus ,Not Evaluated
"Elapidae (Cobras, kraits, coral and sea snakes)",Himalayan krait,Bungarus bungaroides,Not Evaluated
"Elapidae (Cobras, kraits, coral and sea snakes)",Common Indian krait,Bungarus caeruleus,Not Evaluated
"Elapidae (Cobras, kraits, coral and sea snakes)",Lesser black krait,Bungarus lividus,Not Evaluated
"Elapidae (Cobras, kraits, coral and sea snakes)",Black krait,Bungarus niger,Not Evaluated
"Elapidae (Cobras, kraits, coral and sea snakes)",Wall's sindh krait,Bungarus sindanus,Not Evaluated
"Elapidae (Cobras, kraits, coral and sea snakes)",Castoe's coral snake,Calliophis castoe,Not Evaluated
"Elapidae (Cobras, kraits, coral and sea snakes)",Slender coral snake,Calliophis melanurus,Not Evaluated
"Elapidae (Cobras, kraits, coral and sea snakes)",Short sea snake,Hydrophis curtus,Not Evaluated
"Elapidae (Cobras, kraits, coral and sea snakes)",Jerdon's sea snake,Hydrophis jerdonii,Not Evaluated
"Elapidae (Cobras, kraits, coral and sea snakes)",Bombay Gulf sea snake,Hydrophis mammilaris,Not Evaluated
"Elapidae (Cobras, kraits, coral and sea snakes)",Large-headed sea snake,Hydrophis stokesii,Not Evaluated
"Elapidae (Cobras, kraits, coral and sea snakes)",Viperine sea snake,Hydrophis viperinus,Not Evaluated
"Elapidae (Cobras, kraits, coral and sea snakes)",Andaman cobra,Naja sagittifera,Not Evaluated
"Elapidae (Cobras, kraits, coral and sea snakes)",MacClelland's coral snake,Sinomicrurus macclellandi,Not Evaluated
Erycidae (Sand boas),Common sand boa,Eryx conicus,Not Evaluated
Erycidae (Sand boas),Red sand boa,Eryx johnii,Not Evaluated
Erycidae (Sand boas),Whitaker's boa,Eryx whitakeri,Not Evaluated
Eublepharidae (Leopard gecko),Satpura leopard gecko,Eublepharis satpuraensis,Not Evaluated
Gekkonidae (Geckos),Adi's day gecko,Cnemaspis adii,Not Evaluated
Gekkonidae (Geckos),Assamese day gecko,Cnemaspis assamensis,Not Evaluated
Gekkonidae (Geckos),Yellow-bellied day gecko,Cnemaspis flaviventralis,Not Evaluated
Gekkonidae (Geckos),Giris'day gecko,Cnemaspis girii,Not Evaluated
Gekkonidae (Geckos),Kottiyoor day gecko,Cnemaspis kottiyoorensis,Not Evaluated
Gekkonidae (Geckos),Yercaud day gecko,Cnemaspis yercaudensis,Not Evaluated
Gekkonidae (Geckos),Sind day gecko,Crossobamon orientalis,Not Evaluated
Gekkonidae (Geckos),Boulenger's Indian Gecko,Cyrtodactylus albofasciatus,Not Evaluated
Gekkonidae (Geckos),Kollegal ground gecko,Cyrtodactylus collegalensis ,Not Evaluated
Gekkonidae (Geckos),Banded bent-toed gecko,Cyrtodactylus fasciolatus ,Not Evaluated
Gekkonidae (Geckos),Himalayan bent-toed gecko,Cyrtodactylus himalayanus,Not Evaluated
Gekkonidae (Geckos),Darjeeling bent-toed gecko,Cyrtodactylus himalayicus ,Not Evaluated
Gekkonidae (Geckos),Jeypore ground gecko,Cyrtodactylus jeyporensis ,Not Evaluated
Gekkonidae (Geckos),Khasi hills bent-toed gecko,Cyrtodactylus khasiensis ,Not Evaluated
Gekkonidae (Geckos),Lawder's bent-toed gecko,Cyrtodactylus lawderanus ,Not Evaluated
Gekkonidae (Geckos),Jammu bent-toed gecko,Cyrtodactylus mansarulus,Not Evaluated
Gekkonidae (Geckos),Rishivalley ground gecko,Cyrtodactylus rishivalleyensis,Not Evaluated
Gekkonidae (Geckos),Andaman bent-toed gecko,Cyrtodactylus rubidus ,Not Evaluated
Gekkonidae (Geckos),Srilekha's ground gecko,Cyrtodactylus srilekhae,Not Evaluated
Gekkonidae (Geckos),Varadgiri's ground gecko,Cyrtodactylus varadgirii,Not Evaluated
Gekkonidae (Geckos),Delhi rock gecko,Cyrtopodion aravallensis ,Not Evaluated
Gekkonidae (Geckos),Warty rock gecko,Cyrtopodion kachhense,Not Evaluated
Gekkonidae (Geckos),Salt range gecko,Cyrtopodion montiumsalsorum,Not Evaluated
Gekkonidae (Geckos),Four-clawed gecko,Gehyra mutilata ,Not Evaluated
Gekkonidae (Geckos),Tokay gecko,Gekko gecko ,Not Evaluated
Gekkonidae (Geckos),Andaman giant gecko,Gekko verreauxi,Not Evaluated
Gekkonidae (Geckos),Spiny gecko,Hemidactylus acanthopholis,Not Evaluated
Gekkonidae (Geckos),Bengal gecko,Hemidactylus aquilonius,Not Evaluated
Gekkonidae (Geckos),Satpura gecko,Hemidactylus chipkali,Not Evaluated
Gekkonidae (Geckos),Yellow green house gecko,Hemidactylus flaviviridis,Not Evaluated
Gekkonidae (Geckos),Garnot's gecko,Hemidactylus garnotii,Not Evaluated
Gekkonidae (Geckos),Gleadow's rock gecko,Hemidactylus gleadowi,Not Evaluated
Gekkonidae (Geckos),Hemchandra's gecko,Hemidactylus hemchandrai,Not Evaluated
Gekkonidae (Geckos),Kanger valley gecko,Hemidactylus kangerensis,Not Evaluated
Gekkonidae (Geckos),Bark gecko,Hemidactylus leschenaultii,Not Evaluated
Gekkonidae (Geckos),Murray's house gecko,Hemidactylus murrayi,Not Evaluated
Gekkonidae (Geckos),Spotted house gecko,Hemidactylus parvimaculatus,Not Evaluated
Gekkonidae (Geckos),Persian gecko,Hemidactylus persicus,Not Evaluated
Gekkonidae (Geckos),Flat tailed gecko,Hemidactylus platyurus,Not Evaluated
Gekkonidae (Geckos),Robust rock gecko,Hemidactylus robustus,Not Evaluated
Gekkonidae (Geckos),Dutta's gecko,Hemidactylus sushilduttai,Not Evaluated
Gekkonidae (Geckos),Termite hill gecko,Hemidactylus triedrus,Not Evaluated
Gekkonidae (Geckos),Yajurved's gecko,Hemidactylus yajurvedi,Not Evaluated
Gekkonidae (Geckos),Mourning gecko,Lepidodactylus lugubris,Not Evaluated
Gekkonidae (Geckos),Nicobar gliding gecko,Ptychozoon nicobarensis,Not Evaluated
Gerrhopilidae (Worm snake),Andaman worm snake,Gerrhopilus andamanensis,Not Evaluated
Gerrhopilidae (Worm snake),Beddome's worm snake,Gerrhopilus beddomei,Not Evaluated
Gerrhopilidae (Worm snake),Thurston's worm snake,Gerrhopilus thurstoni,Not Evaluated
"Homalopsidae (Water, mangrove snakes)",Dussumier's smooth water snake,Dieurostus dussumierii,Not Evaluated
"Homalopsidae (Water, mangrove snakes)",Plumbeous smooth water snake,Hypsiscopus plumbeus,Not Evaluated
Lacertidae (Lacertids),Persian long-tailed lizard,Mesalina watsonana,Not Evaluated
Lacertidae (Lacertids),Jerdon's snake- eyed lizard,Ophisops jerdoni,Not Evaluated
Lacertidae (Lacertids),Leschenault's snake-eyed lizard,Ophisops leschenaultii,Not Evaluated
Lacertidae (Lacertids),Haughton's long-tailed lizard,Takydromus haughtonianus,Not Evaluated
Lacertidae (Lacertids),Kashi hills long - tailed lizard,Takydromus khasiensis,Not Evaluated
Lacertidae (Lacertids),Sikkim long-tailed lizard,Takydromus sikkimensis,Not Evaluated
Lamprophiidae (Sand snakes and mock viper),Mock viper,Psammodynastes pulverulentus,Not Evaluated
Lamprophiidae (Sand snakes and mock viper),Leith's sand snake,Psammophis leithii,Not Evaluated
Lamprophiidae (Sand snakes and mock viper),Afro–Asian sand snake,Psammophis schokari,Not Evaluated
Leptotyphlopidae (thread snake),Blanford's thread snakes,Myriopholis blanfordii,Not Evaluated
Lygosomidae (Supple skinks),White-spotted supple skink,Lygosoma albopunctatum,Not Evaluated
Lygosomidae (Supple skinks),Bowring's supple skink,Lygosoma bowringii,Not Evaluated
Lygosomidae (Supple skinks),Spotted supple skink,Lygosoma punctatum,Not Evaluated
Lygosomidae (Supple skinks),Vosmaer'supple skink,Lygosoma vosmaerii,Not Evaluated
Mabuyidae (Grass and tree skinks),Johnsingh's tree skink,Dasia johnsinghi,Not Evaluated
Mabuyidae (Grass and tree skinks),Nicobar tree skink,Dasia nicobarensis,Not Evaluated
Mabuyidae (Grass and tree skinks),Andaman Islands grassskink,Eutropis andamanensis,Not Evaluated
Mabuyidae (Grass and tree skinks),Ashwamedh's grass skink,Eutropis ashwamedhi,Not Evaluated
Mabuyidae (Grass and tree skinks),Beddome's grass skink,Eutropis beddomii,Not Evaluated
Mabuyidae (Grass and tree skinks),Striped grass skink,Eutropis dissimilis,Not Evaluated
Mabuyidae (Grass and tree skinks),Bronze grass skink,Eutropis macularia,Not Evaluated
Mabuyidae (Grass and tree skinks),Many- lined grass skink,Eutropis multifasciata,Not Evaluated
Mabuyidae (Grass and tree skinks),Nagarjunasagar grass skink,Eutropis nagarjunensis,Not Evaluated
Mabuyidae (Grass and tree skinks),Four-keeled grass skink,Eutropis quadricarinata,Not Evaluated
Mabuyidae (Grass and tree skinks),Lined grass skink,Eutropis rudis,Not Evaluated
Mabuyidae (Grass and tree skinks),Rough-scaled skink,Eutropis rugifera,Not Evaluated
Mabuyidae (Grass and tree skinks),Tytler's grass skink,Eutropis tytlerii,Not Evaluated
Natricidae (Keelback snakes),Striped keelback,Amphiesma stolatum,Not Evaluated
Natricidae (Keelback snakes),Clerk's keelback,Hebius clerki,Not Evaluated
Natricidae (Keelback snakes),Khasi hills keelback,Hebius khasiense,Not Evaluated
Natricidae (Keelback snakes),Günther's keelback,Hebius modesta,Not Evaluated
Natricidae (Keelback snakes),Nicobar keelback,Hebius nicobarense,Not Evaluated
Natricidae (Keelback snakes),Boulenger's striped keelback,Hebius parallelum,Not Evaluated
Natricidae (Keelback snakes),Peal's keelback,Hebius pealii,Not Evaluated
Natricidae (Keelback snakes),Cherrapunji keelback,Hebius xenura,Not Evaluated
Natricidae (Keelback snakes),Himalayan mountain keelback,Herpetoreas platyceps,Not Evaluated
Natricidae (Keelback snakes),Green keelback,Macrophistodon plumbicolor,Not Evaluated
Natricidae (Keelback snakes),Himalayan keelback,Rhabdophis himalayanus,Not Evaluated
Natricidae (Keelback snakes),Aquatic forest snake,Rhabdops aquaticus,Not Evaluated
Natricidae (Keelback snakes),Yellow-bellied forest snake,Rhabdops bicolor,Not Evaluated
Natricidae (Keelback snakes),Darjeeling oriental slender snake,Trachischium fuscum,Not Evaluated
Natricidae (Keelback snakes),Olive oriental slender snake,Trachischium laeve,Not Evaluated
Natricidae (Keelback snakes),Assam oriental slender snake,Trachischium monticola,Not Evaluated
Natricidae (Keelback snakes),Orange-bellied oriental slender snake,Trachischium tenuiceps,Not Evaluated
Natricidae (Keelback snakes),Dark-bellied marsh snake,Xenochrophis cerasogaster,Not Evaluated
Natricidae (Keelback snakes),Checkered keelback,Xenochrophis piscator,Not Evaluated
Natricidae (Keelback snakes),St.John's keelback,Xenochrophis sanctijohannis,Not Evaluated
Natricidae (Keelback snakes),Schrurrenberger's keelback,Xenochrophis schnurrenbergeri,Not Evaluated
Natricidae (Keelback snakes),Andaman keelback,Xenochrophis tytleri,Not Evaluated
Pythonidae (Pythons),Reticulated python,Malayopython reticulatus,Not Evaluated
Scincidae (Skinks),Yellow-bellied mole skink,Eurylepis taeniolatus,Not Evaluated
Scincidae (Skinks),Schneider's skink,Novoeumeces schneideri,Not Evaluated
Scincidae (Skinks),Spotted Eastern Ghats skink,Sepsophis punctatus,Not Evaluated
Sphenomorphidae (Ground and litter skinks),Dwarf earless skink,Ablepharus grayanus,Not Evaluated
Sphenomorphidae (Ground and litter skinks),Asian snake-eyed skink,Ablepharus pannonicus,Not Evaluated
Sphenomorphidae (Ground and litter skinks),Himalaya ground skink,Asymblepharus himalayanus,Not Evaluated
Sphenomorphidae (Ground and litter skinks),Ladakh ground skink,Asymblepharus ladacensis,Not Evaluated
Sphenomorphidae (Ground and litter skinks),Sikkim ground skink,Asymblepharus sikkimensis,Not Evaluated
Sphenomorphidae (Ground and litter skinks),Beddome's ground skink,Kaestlea beddomii,Not Evaluated
Sphenomorphidae (Ground and litter skinks),Big-eared lipinia,Lipinia macrotympanum,Not Evaluated
Sphenomorphidae (Ground and litter skinks),Large- eared ground skink,Scincella macrotis,Not Evaluated
Sphenomorphidae (Ground and litter skinks),Mawphlang litter skink,Sphenomorphus apalpebratus,Not Evaluated
Sphenomorphidae (Ground and litter skinks),Rotung litter skink,Sphenomorphus courcyanum,Not Evaluated
Sphenomorphidae (Ground and litter skinks),Himalayan litter skink,Sphenomorphus indicus,Not Evaluated
Sphenomorphidae (Ground and litter skinks),Spotted litter skink,Sphenomorphus maculatus,Not Evaluated
Sphenomorphidae (Ground and litter skinks),North-eastern water snake,Tropidophorus assamensis,Not Evaluated
Typhlopidae (Worm snake),Assam worm snake,Argyrophis bothriorhynchus,Not Evaluated
Typhlopidae (Worm snake),Diard's worm snake,Argyrophis diardii,Not Evaluated
Typhlopidae (Worm snake),Oates' worm snake,Argyrophis oatesii,Not Evaluated
Typhlopidae (Worm snake),Brahminy worm snake,Indotyphlops braminus,Not Evaluated
Typhlopidae (Worm snake),Jan's worm snake,Indotyphlops exiguus,Not Evaluated
Typhlopidae (Worm snake),Jerdon's worm snake,Indotyphlops jerdoni,Not Evaluated
Typhlopidae (Worm snake),Loveridge's worm snake,Indotyphlops loveridgei,Not Evaluated
Typhlopidae (Worm snake),Darjeeling worm snake snake,Indotyphlops meszoelyi,Not Evaluated
Typhlopidae (Worm snake),Günther's worm snake,Indotyphlops pammeces,Not Evaluated
Typhlopidae (Worm snake),Slender worm snake,Indotyphlops porrectus,Not Evaluated
Typhlopidae (Worm snake),Slender-necked worm snake,Indotyphlops tenuicollis,Not Evaluated
Uromastycidae (Spiny-tailed lizard),Spiny-tailed lizard,Saara hardwickii,Not Evaluated
Uropeltidae (Shieldtails),Khaire's shieldtail,Melanophidium khairei,Not Evaluated
Uropeltidae (Shieldtails),Gower's shieldtail,Rhinophis goweri,Not Evaluated
Uropeltidae (Shieldtails),Kerala shieldtail,Uropeltis ceylanica,Not Evaluated
Uropeltidae (Shieldtails),Anamalai shieldtail,Uropeltis macrorhyncha,Not Evaluated
Uropeltidae (Shieldtails),Red- sided shieldtail,Uropeltis maculata,Not Evaluated
Uropeltidae (Shieldtails),Periyar shieldtail,Uropeltis madurensis,Not Evaluated
Uropeltidae (Shieldtails),Ocellated shieldtail,Uropeltis ocellata,Not Evaluated
Uropeltidae (Shieldtails),Peter's shieldtail,Uropeltis petersi,Not Evaluated
Uropeltidae (Shieldtails),Red-lined shieldtail,Uropeltis rubrolineata,Not Evaluated
Uropeltidae (Shieldtails),Red-spotted shieldtail,Uropeltis rubromaculata,Not Evaluated
Varanidae (Monitor lizards),Desert monitor,Varanus griseus,Not Evaluated
Viperidae (Vipers),Sochurek's saw- scaled viper,Echis carinatus,Not Evaluated
Viperidae (Vipers),Indian saw-scaled viper,Echis carinatus,Not Evaluated
Viperidae (Vipers),Himalayan pit viper,Gloydius himalayanus,Not Evaluated
Viperidae (Vipers),Common hump-nosed pit viper,Hypnale hypnale,Not Evaluated
Viperidae (Vipers),Levantine viper,Macrovipera lebetina,Not Evaluated
Viperidae (Vipers),Sikkim pit viper,Protobothrops himalayanus,Not Evaluated
Viperidae (Vipers),Andaman pit viper,Trimeresurus andersoni,Not Evaluated
Viperidae (Vipers),Cantor's pit viper,Trimeresurus cantori,Not Evaluated
Viperidae (Vipers),Car Nicobar pit viper,Trimeresurus labialis,Not Evaluated
Viperidae (Vipers),Nicobar pit viper,Trimeresurus mutabilis,Not Evaluated
Viperidae (Vipers),Himalayan white-lipped pit viper,Trimeresurus septentrionalis,Not Evaluated
Viperidae (Vipers),Yunnan pit viper,Trimeresurus yunnanensis,Not Evaluated
Viperidae (Vipers),Hutton's pit viper,Tropidolaemus huttoni,Not Evaluated
"Xenodermatidae (Iridescent, wood and narrow headed snakes)",Mizoram Iridescent snake,Blythia hmuifang,Not Evaluated
"Xenodermatidae (Iridescent, wood and narrow headed snakes)",Khasi earth snake,Stoliczkia khasiensis,Not Evaluated
Agamidae (Dragons),Attenborough's fan-throated lizard,Sitana attenboroughii,Not Evaluated
"Colubridae (Racers, vine snakes, flying snakes, cat snake, trinkets, bronzeback, wolf snake, kukri)",Variable vine snake,Ahaetulla anomala,Not Evaluated
"Colubridae (Racers, vine snakes, flying snakes, cat snake, trinkets, bronzeback, wolf snake, kukri)",Slender wolf snake,Lycodon anamallensis,Not Evaluated
Gekkonidae (Geckos),Bhupathy's bent- toed gecko,Cyrtodactylus bhupathyi,Not Evaluated
Gekkonidae (Geckos),Tripura bent-toed gecko,Cyrtodactylus tripuraensis,Not Evaluated
Gekkonidae (Geckos),Meghamalai rock gecko,Hemidactylus vanam,Not Evaluated
Lacertidae (Lacertids),Kutch snake-eyed lizard,Ophisops kutchensis,Not Evaluated
Lacertidae (Lacertids),Pushkar snake-eyed lizard,Ophisops pushkarensis,Not Evaluated
Natricidae (Keelback snakes),Sushanta oriental wormsnake,Trachischium sushantai,Not Evaluated
Uropeltidae (Shieldtails),Bhupathy's shieldtail,Uropeltis bhupathyi,Not Evaluated
"Colubridae (Racers, vine snakes, flying snakes, cat snake, trinkets, bronzeback, wolf snake, kukri)",Günther's vine snake,Ahaetulla dispar,Near Threatened
Gekkonidae (Geckos),Mixed-scale day gecko,Cnemaspis heteropholis,Near Threatened
Gekkonidae (Geckos),Nilgiri day gecko,Cnemaspis nilagirica,Near Threatened
Gekkonidae (Geckos),Ota's day gecko,Cnemaspis otai,Near Threatened
Gekkonidae (Geckos),Banded bent-toed gecko,Cyrtodactylus gubernatoris ,Near Threatened
Gekkonidae (Geckos),Anaimalai gecko,Hemidactylus anamallensis,Near Threatened
Uropeltidae (Shieldtails),Bicatenate shieldtail,Uropeltis bicatenata,Near Threatened
Uropeltidae (Shieldtails),Violet shieldtail,Uropeltis grandis,Near Threatened
Viperidae (Vipers),Large-scaled green pit viper,Trimeresurus macrolepis,Near Threatened
Bataguridae (River terrapins),Southeast Asian box turtle,Cuora amboinensis ,Vulnerable
Bataguridae (River terrapins),Spotted pond turtle,Geoclemys hamiltonii ,Vulnerable
Bataguridae (River terrapins),Crowned river turtle,Hardella thurjii ,Vulnerable
Bataguridae (River terrapins),Tricarinate hill turtle,Melanochelys tricarinata,Vulnerable
Bataguridae (River terrapins),Indian eyed turtle,Morenia petersi ,Vulnerable
Cheloniidae (Sea turtles),Loggerhead sea turtle,Caretta caretta ,Vulnerable
Cheloniidae (Sea turtles),Olive ridley sea turtle,Lepidochelys olivacea,Vulnerable
"Colubridae (Racers, vine snakes, flying snakes, cat snake, trinkets, bronzeback, wolf snake, kukri)",Striped kukri snake,Oligodon brevicaudus,Vulnerable
"Colubridae (Racers, vine snakes, flying snakes, cat snake, trinkets, bronzeback, wolf snake, kukri)",Darjeeling kukri snake,Oligodon juglandifer,Vulnerable
Crocodylidae (Crocodiles),Mugger crocodile,Crocodylus palustris,Vulnerable
Dermochelyidae (Leatherback Sea turtle),Leatherback sea turtle,Dermochelys coriacea,Vulnerable
"Elapidae (Cobras, kraits, coral and sea snakes)",Andaman krait,Bungarus andamanensis,Vulnerable
"Elapidae (Cobras, kraits, coral and sea snakes)",King cobra,Ophiophagus hannah,Vulnerable
Gekkonidae (Geckos),Indian day gecko,Cnemaspis indica,Vulnerable
Gekkonidae (Geckos),Indraneildas' day gecko,Cnemaspis indraneildasii,Vulnerable
Gekkonidae (Geckos),Jerdon's day gecko,Cnemaspis jerdonii ,Vulnerable
Gekkonidae (Geckos),Ornate day gecko,Cnemaspis ornata ,Vulnerable
Gekkonidae (Geckos),White-banded gecko,Hemidactylus albofasciatus,Vulnerable
Gekkonidae (Geckos),Satara gecko,Hemidactylus sataraensis,Vulnerable
Pythonidae (Pythons),Burmese python,Python bivittatus,Vulnerable
Pythonidae (Pythons),Rock python,Python molurus,Vulnerable
Sphenomorphidae (Ground and litter skinks),Side-spotted ground skink,Kaestlea laterimaculata,Vulnerable
Testudinidae (Tortoises),Indian star tortoise,Geochelone elegans,Vulnerable
Testudinidae (Tortoises),Travancore tortoise,Indotestudo travancorica,Vulnerable
Trionychidae (Softshell turtle),Asiatic softshell turtle,Amyda cartilaginea,Vulnerable
Trionychidae (Softshell turtle),Indian softshell turtle,Nilssonia gangetica ,Vulnerable
Trionychidae (Softshell turtle),Indian peacock softshell turtle,Nilssonia hurum ,Vulnerable
Trionychidae (Softshell turtle),Leith's softshell turtle,Nilssonia leithii ,Vulnerable
Uropeltidae (Shieldtails),Yellow-striped shieldtail,Melanophidium bilineatum,Vulnerable
Uropeltidae (Shieldtails),Phipson's shieldtail,Uropeltis phipsonii,Vulnerable
